name,learned,image
Linux 基础入门（新版）,,https://dn-simplecloud.shiyanlou.com/ncn1.jpg
新手指南之玩转实验楼,,https://dn-simplecloud.shiyanlou.com/ncn63.jpg
使用机器学习方法预测世界杯冠军,,https://dn-simplecloud.shiyanlou.com/course/1531278732689_机器学习预测世界杯-封面(1).png
Python 实现 Redis 异步客户端,,https://dn-simplecloud.shiyanlou.com/1458285524322.png
NumPy 百题大冲关,,https://dn-simplecloud.shiyanlou.com/1523958494389.png
用 C 编写打字练习软件,,https://dn-simplecloud.shiyanlou.com/course/1526624721268_【1105】-【用C编写打字练习软件】.png
C 语言入门教程,,https://dn-simplecloud.shiyanlou.com/1523348726316.png
Python3 简明教程,,https://dn-simplecloud.shiyanlou.com/1470809533277.png
Java编程语言（新版）,,https://dn-simplecloud.shiyanlou.com/ncn18.jpg
全面解析PythonChallenge,,https://dn-simplecloud.shiyanlou.com/1517277301782.png
Scala 开发教程,,https://dn-simplecloud.shiyanlou.com/1453875026696.png
Pandas 百题大冲关,,https://dn-simplecloud.shiyanlou.com/1523958570202.png
Python 基于共现提取《釜山行》人物关系,,https://dn-simplecloud.shiyanlou.com/1517278026775.png
PHP 编程入门,,https://dn-simplecloud.shiyanlou.com/course/1524713748754_【23】-【PHP编程入门】.png
16 个 PHP 设计模式详解,,https://dn-simplecloud.shiyanlou.com/1517278443183.png
MySQL 基础课程,,https://dn-simplecloud.shiyanlou.com/ncn9.jpg
Python 图片转字符画,,https://dn-simplecloud.shiyanlou.com/ncn370.jpg
Scala 开发二十四点游戏,,https://dn-simplecloud.shiyanlou.com/1453875007050.png
RabbitMQ 消息队列,,https://dn-simplecloud.shiyanlou.com/1472205212815.png
竞态条件漏洞实验,,https://dn-simplecloud.shiyanlou.com/1525930945137.png
Python 生成个性二维码,,https://dn-simplecloud.shiyanlou.com/1530236619450.png
Elgg 系统 CSRF 攻击实验,,https://dn-simplecloud.shiyanlou.com/1525931074639.png
Linux Capability探索实验,,https://dn-simplecloud.shiyanlou.com/1525940760038.png
Go语言编程,,https://dn-simplecloud.shiyanlou.com/ncn11.jpg
C++11/14 高速上手教程,,https://dn-simplecloud.shiyanlou.com/1471329788157.png
R 语言基础入门,,https://dn-simplecloud.shiyanlou.com/1499827625083.png
RNN神经网络讲解及基础应用,,https://dn-simplecloud.shiyanlou.com/1517216750445.png
Python实现3D建模工具,,https://dn-simplecloud.shiyanlou.com/1466427762643.png
神经网络实现手写字符识别系统,,https://dn-simplecloud.shiyanlou.com/1470034895999.png
Python3 实现色情图片识别,,https://dn-simplecloud.shiyanlou.com/1470014382565.png
ThinkPHP框架实践,,https://dn-simplecloud.shiyanlou.com/ncn96.jpg
Python3 实现简单的 Web 服务器,,https://dn-simplecloud.shiyanlou.com/course/1528276208557_【552】-【Python3实现简单的Web服务器】.png
深入浅出 Swift 3,,https://dn-simplecloud.shiyanlou.com/1471334607691.png
MongoDB 基础教程,,https://dn-simplecloud.shiyanlou.com/ncn12.jpg
在Github Pages上部署自己的简历,,https://dn-simplecloud.shiyanlou.com/1471855919856.png
Shell 脚本实现 Linux 系统监控,,https://dn-simplecloud.shiyanlou.com/1470197712993.png
序列的数据挖掘--《数据科学：R语言实战》,,https://dn-simplecloud.shiyanlou.com/1500605924026.png
Python实现模板引擎,,https://dn-simplecloud.shiyanlou.com/1469436829895.png
缓冲区溢出漏洞实验,,https://dn-simplecloud.shiyanlou.com/1525930503005.png
ShellShock 攻击实验,,https://dn-simplecloud.shiyanlou.com/1525930403271.png
Vim编辑器,,https://dn-simplecloud.shiyanlou.com/ncn2.jpg
HIVE教程,,https://dn-simplecloud.shiyanlou.com/1529647125243.png
基于 Python 的文件备份,,https://dn-simplecloud.shiyanlou.com/ncn302.jpg
Collabtive系统跨站脚本攻击实验,,https://dn-simplecloud.shiyanlou.com/1525937878177.png
C语言实现Linux touch命令,,https://dn-simplecloud.shiyanlou.com/1468303457068.png
MyBatis 框架基础入门,,https://dn-simplecloud.shiyanlou.com/1517282865454.png
流式实时日志分析系统——《Spark 最佳实践》,,https://dn-simplecloud.shiyanlou.com/1493349184140.png
Hadoop 图处理--《hadoop应用框架》,,https://dn-simplecloud.shiyanlou.com/1517282724219.png
使用 Flume 收集数据,,https://dn-simplecloud.shiyanlou.com/1517282844826.png
云原生监控系统 Prometheus,,https://dn-simplecloud.shiyanlou.com/1525145795019.png
Python 实现数据科学中的无监督挖掘技术,,https://dn-simplecloud.shiyanlou.com/1523944126386.png
Python3使用 XML-RPC共享文件,,https://dn-simplecloud.shiyanlou.com/1523944303750.png
Python 的循环语句和隐含波动率的计算,,https://dn-simplecloud.shiyanlou.com/1523241034833.png
Wireshark网络分析实战,,https://dn-simplecloud.shiyanlou.com/ncn288.jpg
《Python 贝叶斯分析》- 利用逻辑回归实现鸢尾花分类,,https://dn-simplecloud.shiyanlou.com/1521772927614.png
《汇编语言（第2版）》郑晓薇编著配套实验,,https://dn-simplecloud.shiyanlou.com/ncn83.jpg
Python3 实现推理游戏Bagels,,https://dn-simplecloud.shiyanlou.com/1520819684116.png
使用 Python 创建照片马赛克,,https://dn-simplecloud.shiyanlou.com/1520416798615.png
使用逻辑回归预测IPO市场,,https://dn-simplecloud.shiyanlou.com/1518400874122.png
Python 气象数据分析：《Python 数据分析实战》,,https://dn-simplecloud.shiyanlou.com/1517282698894.png
利用Tensorflow设计简单的前向神经网络,,https://dn-simplecloud.shiyanlou.com/1518326645916.png
SIFT特征提取分析算法讲解及应用,,https://dn-simplecloud.shiyanlou.com/1515408613063.png
C++ 实现俄罗斯方块,,https://dn-simplecloud.shiyanlou.com/1513155659728.png
Django打造文件分享系统,,https://dn-simplecloud.shiyanlou.com/1513155628298.png
GD库实现图片水印与缩略图,,https://dn-simplecloud.shiyanlou.com/1513578018928.png
Hopfield 算法基础讲解及实例实现,,https://dn-simplecloud.shiyanlou.com/1514513190989.png
PHP QRCode生成二维码,,https://dn-simplecloud.shiyanlou.com/1515121378020.png
PHP Socket编程,,https://dn-simplecloud.shiyanlou.com/1517285890130.png
PHP 实现验证码制作,,https://dn-simplecloud.shiyanlou.com/1511870931736.png
Python 实现文字聊天室,,https://dn-simplecloud.shiyanlou.com/1517285864683.png
用 Flex 与 Yacc 开发一门编程语言,,https://dn-simplecloud.shiyanlou.com/1528795340371.png
高级 bash 脚本编程指南,,https://dn-simplecloud.shiyanlou.com/1505093960707.png
ROS机器人操作系统中级教程,,https://dn-simplecloud.shiyanlou.com/1505728908751.png
Python 数据可视化 -- 《Python 金融大数据分析》,,https://dn-simplecloud.shiyanlou.com/1528794248699.png
对英国房屋价格建模并预测 ---《量化金融R语言初级教程》,,https://dn-simplecloud.shiyanlou.com/1500950540227.png
SQL 注入基础原理介绍,,https://dn-simplecloud.shiyanlou.com/1528794344226.png
R语言进行商业问卷分析--《菜鸟侦探挑战数据分析》,,https://dn-simplecloud.shiyanlou.com/1499739812208.png
Github 快速上手实战教程,,https://dn-simplecloud.shiyanlou.com/1499681177825.png
基于R的高级数据管理--《R语言实战（第2版）》,,https://dn-simplecloud.shiyanlou.com/1499739741848.png
ROS机器人操作系统的安装、配置与初级教程,,https://dn-simplecloud.shiyanlou.com/1499311729491.png
快速开始一个 Go 程序 -- 《 Go 语言实战 》,,https://dn-simplecloud.shiyanlou.com/1528794790541.png
Hadoop 分布式文件系统——导入和导出数据,,https://dn-simplecloud.shiyanlou.com/1495870969132.png
NBA常规赛结果预测：利用Python进行比赛数据分析,,https://dn-simplecloud.shiyanlou.com/1489547404262.png
K-近邻算法实现手写数字识别系统--《机器学习实战 》,,https://dn-simplecloud.shiyanlou.com/1517282649100.png
Laravel 5.1 基础教程,,https://dn-simplecloud.shiyanlou.com/1517281591648.png
SQLAlchemy 基础教程,,https://dn-simplecloud.shiyanlou.com/1517280450735.png
PyQt 实现简易浏览器,,https://dn-simplecloud.shiyanlou.com/1517278566042.png
基于 SendCloud 的邮箱验证,,https://dn-simplecloud.shiyanlou.com/1471600705609.png
Scala 专题教程 - 隐式变换和隐式参数,,https://dn-simplecloud.shiyanlou.com/1458180296092.png
Scala 专题教程 - Case Class和模式匹配,,https://dn-simplecloud.shiyanlou.com/1458180351635.png
经典算法解题实战,,https://dn-simplecloud.shiyanlou.com/1453520874372.png
PHP会话控制,,https://dn-simplecloud.shiyanlou.com/1445221124503.png
JDBC 入门教程,,https://dn-simplecloud.shiyanlou.com/ncn110.jpg
J2SE核心开发实战,,https://dn-simplecloud.shiyanlou.com/ncn111.jpg
Hadoop入门进阶课程,,https://dn-simplecloud.shiyanlou.com/ncn237.jpg
Hibernate框架教程,,https://dn-simplecloud.shiyanlou.com/ncn34.jpg
Elgg 系统跨站脚本攻击实验,,https://dn-simplecloud.shiyanlou.com/1525931106472.png
Redis基础教程,,https://dn-simplecloud.shiyanlou.com/ncn106.jpg
Collabtive系统跨站请求伪造攻击实验,,https://dn-simplecloud.shiyanlou.com/1525931001615.png
SET-UID程序漏洞实验,,https://dn-simplecloud.shiyanlou.com/1525930185262.png
操作系统原理与实践,,https://dn-simplecloud.shiyanlou.com/ncn115.jpg
Python Flask Web框架,,https://dn-simplecloud.shiyanlou.com/ncn29.jpg
Python3 实现键值数据库,,https://dn-simplecloud.shiyanlou.com/1471330679327.png
利用TensorFlow进行自然语言处理,,https://dn-simplecloud.shiyanlou.com/1517541436312.png
用 C语言编写自己的编程语言,,https://dn-simplecloud.shiyanlou.com/1478509150008.png
数据结构(新版),,https://dn-simplecloud.shiyanlou.com/ncn20.jpg
使用 Matplotlib 绘制 2D 和 3D 图形,,https://dn-simplecloud.shiyanlou.com/course/1524186145487_【1093】-【使用Matplotlib绘制2D和3D图形】.png
200 行 Python 代码实现 2048,,https://dn-simplecloud.shiyanlou.com/ncn368.jpg
Python实现Python解释器,,https://dn-simplecloud.shiyanlou.com/1465729995545.png
Java 8 新特性指南,,https://dn-simplecloud.shiyanlou.com/1464935453148.png
Scala 专题教程 - Extractor,,https://dn-simplecloud.shiyanlou.com/1459493144226.png
Scala 专题教程 - 抽象成员,,https://dn-simplecloud.shiyanlou.com/1458180211728.png
Python 破解验证码,,https://dn-simplecloud.shiyanlou.com/ncn364.jpg
JDK 核心 API,,https://dn-simplecloud.shiyanlou.com/ncn109.jpg
Collabtive系统SQL注入实验,,https://dn-simplecloud.shiyanlou.com/1525931052696.png
Collabtive系统浏览器同源策略探索实验,,https://dn-simplecloud.shiyanlou.com/1525931023210.png
高德API + Python 解决租房问题,,https://dn-simplecloud.shiyanlou.com/1470378922159.png
HBASE 教程,,https://dn-simplecloud.shiyanlou.com/1529569045568.png
Mahout教程,,https://dn-simplecloud.shiyanlou.com/ncn39.jpg
Hadoop部署及管理,,https://dn-simplecloud.shiyanlou.com/1522313561058.png
TCP/IP网络协议基础,,https://dn-simplecloud.shiyanlou.com/ncn98.jpg
结合七牛搭建个人相册,,https://dn-simplecloud.shiyanlou.com/ncn54.jpg
Spring框架入门教程（新版）,,https://dn-simplecloud.shiyanlou.com/ncn33.jpg
Go by Example 中文版,,https://dn-simplecloud.shiyanlou.com/1451987916194.png
Git 实战教程,,https://dn-simplecloud.shiyanlou.com/1451525605970.png
轻松创建 Node.js 服务器,,https://dn-simplecloud.shiyanlou.com/1439991209618.png
120行代码实现简单的即时搜索,,https://dn-simplecloud.shiyanlou.com/1438766088720.png
基于HTML5 Canvas实现小游戏,,https://dn-simplecloud.shiyanlou.com/ncn361.jpg
基于 Flask 与 RethinkDB 实现TODO List,,https://dn-simplecloud.shiyanlou.com/1528794819711.png
Node.js 教程,,https://dn-simplecloud.shiyanlou.com/ncn44.jpg
Javascript基础（新版）,,https://dn-simplecloud.shiyanlou.com/ncn21.jpg
Struts框架教程,,https://dn-simplecloud.shiyanlou.com/ncn32.jpg
Linux内核分析,,https://dn-simplecloud.shiyanlou.com/ncn195.jpg
Java进阶之设计模式,,https://dn-simplecloud.shiyanlou.com/ncn100.jpg
公钥加密与PKI实验,,https://dn-simplecloud.shiyanlou.com/1525930918198.png
单向哈希函数与MAC实验,,https://dn-simplecloud.shiyanlou.com/1525930886697.png
密钥加解密实验,,https://dn-simplecloud.shiyanlou.com/1525930737615.png
正则表达式基础,,https://dn-simplecloud.shiyanlou.com/ncn90.jpg
Return-to-libc攻击实验,,https://dn-simplecloud.shiyanlou.com/1525930624938.png
格式化字符串漏洞实验,,https://dn-simplecloud.shiyanlou.com/1525930213418.png
基于 JavaScript 实现玫瑰花,,https://dn-simplecloud.shiyanlou.com/ncn197.jpg
HTML基础入门,,https://dn-simplecloud.shiyanlou.com/ncn19.jpg
Linux Web运维（Nginx）实战,,https://dn-simplecloud.shiyanlou.com/ncn95.jpg
Linux命令实例练习,,https://dn-simplecloud.shiyanlou.com/ncn68.jpg
软件工程(C编码实践篇),,https://dn-simplecloud.shiyanlou.com/ncn122.jpg
HTML5基础入门,,https://dn-simplecloud.shiyanlou.com/ncn43.jpg
基于GO语言Revel框架和mgo的博客,,https://dn-simplecloud.shiyanlou.com/1445584176273.png
Node.js包教不包会,,https://dn-simplecloud.shiyanlou.com/1453874684519.png
C 语言制作简单计算器,,https://dn-simplecloud.shiyanlou.com/1529482492629.png
Python文本解析器,,https://dn-simplecloud.shiyanlou.com/ncn70.jpg
Bootstrap3.0入门学习,,https://dn-simplecloud.shiyanlou.com/ncn50.jpg
CSS速成教程,,https://dn-simplecloud.shiyanlou.com/ncn53.jpg
用Python做2048游戏,,https://dn-simplecloud.shiyanlou.com/1442195604027.png
Ruby基础教程,,https://dn-simplecloud.shiyanlou.com/ncn13.jpg
Java开发简单的计算器,,https://dn-simplecloud.shiyanlou.com/ncn185.jpg
网页版拼图游戏,,https://dn-simplecloud.shiyanlou.com/1517277170996.png
C 语言制作 2048,,https://dn-simplecloud.shiyanlou.com/ncn155.jpg
Rails基础入门,,https://dn-simplecloud.shiyanlou.com/1447229126094.png
网页版别踩白块游戏,,https://dn-simplecloud.shiyanlou.com/ncn306.jpg
自己的Java编辑器,,https://dn-simplecloud.shiyanlou.com/ncn287.jpg
【实验1小时】PHP实现图片上传和预览,,https://dn-simplecloud.shiyanlou.com/course/1527501620518_php(1).png
