北京,https://bj.lianjia.com/
保亭,http://you.lianjia.com/bt
保定,https://bd.fang.lianjia.com/
成都,https://cd.lianjia.com/
重庆,https://cq.lianjia.com/
长沙,https://cs.lianjia.com/
澄迈,http://you.lianjia.com/cm
承德,https://chengde.fang.lianjia.com/
滁州,https://cz.fang.lianjia.com/
大连,https://dl.lianjia.com/
东莞,https://dg.lianjia.com/
儋州,http://you.lianjia.com/dz
定安,http://you.lianjia.com/da
大理,http://you.lianjia.com/dl1
德阳,https://dy.fang.lianjia.com/
佛山,https://fs.lianjia.com/
广州,https://gz.lianjia.com/
杭州,https://hz.lianjia.com/
惠州,https://hui.lianjia.com/
海口,https://hk.lianjia.com/
合肥,https://hf.lianjia.com/
衡水,https://hs.fang.lianjia.com/
黄冈,https://hg.fang.lianjia.com/
邯郸,https://hd.fang.lianjia.com/
济南,https://jn.lianjia.com/
嘉兴,https://jx.fang.lianjia.com/
晋中,https://jz.fang.lianjia.com/
昆明,https://km.fang.lianjia.com/
陵水,http://you.lianjia.com/ls
廊坊,https://lf.lianjia.com/
临高,http://you.lianjia.com/lg
乐东,http://you.lianjia.com/ld
龙岩,https://ly.fang.lianjia.com/
乐山,https://leshan.fang.lianjia.com/
眉山,https://ms.fang.lianjia.com/
南京,https://nj.lianjia.com/
青岛,https://qd.lianjia.com/
琼海,http://you.lianjia.com/qh
琼中,http://you.lianjia.com/qz
泉州,https://quanzhou.fang.lianjia.com/
 清远,https://qy.fang.lianjia.com/
秦皇岛,https://qhd.fang.lianjia.com/
上海,https://sh.lianjia.com/
深圳,https://sz.lianjia.com/
苏州,https://su.lianjia.com/
石家庄,https://sjz.lianjia.com/
沈阳,https://sy.lianjia.com/
三亚,http://you.lianjia.com/san
绍兴,https://sx.fang.lianjia.com/
天津,https://tj.lianjia.com/
太原,https://ty.fang.lianjia.com/
武汉,https://wh.lianjia.com/
无锡,https://wx.lianjia.com/
文昌,http://you.lianjia.com/wc
万宁,http://you.lianjia.com/wn
五指山,http://you.lianjia.com/wzs
威海,https://weihai.fang.lianjia.com/
厦门,https://xm.lianjia.com/
西安,https://xa.lianjia.com/
徐州,https://xz.fang.lianjia.com/
西双版纳,http://you.lianjia.com/xsbn
咸宁,https://xn.fang.lianjia.com/
邢台,https://xt.fang.lianjia.com/
烟台,https://yt.lianjia.com/
中山,https://zs.lianjia.com/
珠海,https://zh.lianjia.com/
郑州,https://zz.lianjia.com/
镇江,https://zj.fang.lianjia.com/
张家口,https://zjk.fang.lianjia.com/
漳州,https://zhangzhou.fang.lianjia.com/
